Model,MSE_Test,R2_Test
0,5.781840914921971e+16,0
1,5.677383143685285e+16,0
2,5.417157152272644e+16,0
